delta_t_ms,delta_w
-20,0.36787944117144233
-10,0.6065306597126334
0,-1.0
10,-0.6065306597126334
20,-0.36787944117144233
