state,concurrence
1,0.07818382891331022
2,0.262921094326794
3,0.5392372711368454
4,0.7466751882435712
5,0.5676141594333406
