eig1,eig2,entropy
0.7236067977499789,0.276393202250021,0.8504896251021616
