mu,g
1,1
2,0.9524176465399693
5,0.8990148532980468
10,0.86429541007165
